Date,Publication,Title,URL,Category,Estimated Audience,Originality Score
February 11, 2026,University of Maryland Press Release,"UMD Scientists Create 'Smart Underwear' to Measure Human Flatulence",https://today.umd.edu/umd-scientists-create-smart-underwear-to-measure-human-flatulence,Press Release,1000,1.0
February 16, 2026,BBC Newsround,"Scientists develop first-ever fart tracking underwear",https://www.bbc.co.uk/newsround/articles/c78jx8lj3gmo,International Media,2000000,6.0
February 2026,Generation NT,"Des sous-vêtements intelligents révèlent la vérité surprenante sur nos flatulences quotidiennes",https://www.generation-nt.com/actualites/sous-vetements-intelligents-bacteries-intestinales-gaz-hydrogene-2070691,International Media,500000,4.0
February 17, 2026,Euronews Deutschland,"Intelligente Unterwäsche: So oft pupst ein durchschnittlicher Erwachsener am Tag",https://de.euronews.com/next/2026/02/17/unterwasche-pupsen-dram-flatulenz,International Media,1000000,5.0
February 22, 2026,ConSalud,"Científicos crean ropa interior inteligente que mide la frecuencia de las flatulencias",https://www.consalud.es/pacientes/cientificos-crean-ropa-interior-inteligente-que-mide-la-frecuencia-de-las-flatulencias.html,International Media,800000,4.0
February 2026,Fanpage.it,"Mutande smart svelano quante flatulenze facciamo al giorno. Nasce l'Atlante del Flatus Umano",https://www.fanpage.it/innovazione/scienze/mutande-smart-svelano-quante-flatulenze-facciamo-al-giorno-nasce-latlante-del-flatus-umano-a-cosa-serve/,International Media,600000,4.0
October 12, 2025,EBiotrade,"智能内裤：一种通过监测肠道气体实现肠道微生物代谢活性长期监测的新型可穿戴设备",https://www.ebiotrade.com/newsf/2025-10/20251012083353902.htm,International Media,300000,3.5
February 2026,Clarin,"Crearon calzoncillos inteligentes para estudiar la emisión de flatulencias en seres humanos",https://www.clarin.com/internacional/crearon-calzoncillos-inteligentes-estudiar-emision-flatulencias-seres-humanos_0_PhzXK2nobf.html,International Media,2000000,5.0
February 25, 2026,InsideHook,"Scientists Built a Fart-Tracking Wearable. It's a Hit.",https://www.insidehook.com/longevity/scientists-fart-tracking-wearable,Health & Wellness,300000,3.5
February 25, 2026,The Star (Malaysia),"Smart underwear can pick up how many times you fart daily",https://www.thestar.com.my/lifestyle/health/2026/02/25/smart-underwear-can-pick-up-how-many-times-you-fart-daily,International Media,800000,4.0
February 19, 2026,Wall Street Journal,"It's Called the 'Fitbit for Farts'—and It's No Joke",https://www.wsj.com/tech/personal-tech/smart-underwear-gut-health-human-flatus-atlas-9ffa1bd7,Major Feature,2000000,15.0
February 20, 2026,Wall Street Journal Print,Print Edition - Christopher Mims Article,knowledge-base/pdfs/wsj-print-edition-february-20-2026.png,Print Media,1500000,15.0
February 17, 2026,Scientific American,"How Often Does the Average Person Fart? Scientists Built a Device to Find Out",https://www.scientificamerican.com/article/how-often-does-the-average-person-fart-scientists-built-a-device-to-find-out/,Science Magazine,500000,8.0
February 23, 2026,The Baltimore Banner,"Passing gas for science: UMD researchers launch new fart study",https://www.thebanner.com/economy/science-medicine/university-of-maryland-smart-underwear-fart-study-SAPSZ6DK5JB6BFQUSDVFOJPRPU/,Local News,200000,6.0
February 23, 2026,Straits Times,"Fart for a cause: US researchers develop 'smart underwear' that tracks farts to explore gut health",https://www.straitstimes.com/world/united-states/fart-for-a-cause-us-researchers-develop-smart-underwear-that-tracks-farts-to-explore-gut-health,International News,500000,5.0
February 15, 2026,The Verge,"Researchers at the University of Maryland built a Fartbit, a Fitbit for farts",https://www.theverge.com/gadgets/882910/fartbit-a-fitbit-for-farts,Tech News,1000000,4.0
February 15, 2026,Forbes,"Smart Underwear Finds People Fart More Often Than Previously Thought",https://www.forbes.com/sites/brucelee/2026/02/15/smart-underwear-finds-people-fart-more-often-than-previously-thought/,Business News,3000000,4.0
February 18, 2026,USA Today,"Everyone does this. But how much is too much? Scientists want to know",https://www.usatoday.com/story/life/health-wellness/2026/02/18/excessive-gas-fart-flatulence-study/88725694007/,National News,5000000,3.0
February 18, 2026,Smithsonian Magazine,"How Often Do You Fart? This 'Smart Underwear' Can Keep Track",https://www.smithsonianmag.com/smart-news/how-many-times-a-day-do-you-fart-this-smart-underwear-can-keep-track-and-figuring-out-a-baseline-is-important-for-science-180988198/,Science Magazine,2000000,3.0
February 18, 2026,CNN Newsource,"Scientists make smart underwear to track your gas",https://cnn-hits.html,Broadcast Distribution,10000000,0.2
February 18, 2026,Fox 8 Cleveland,"Scientists make smart underwear to track your gas",https://fox8.com/news/scientists-make-smart-underwear-to-track-your-gas/,Local TV,200000,0.2
February 18, 2026,10News San Diego,"Scientists make smart underwear to track your gas",https://www.10news.com/news/scientists-make-smart-underwear-to-track-your-gas/,Local TV,300000,0.2
February 18, 2026,KFYR Bismarck,"Scientists make smart underwear to track your gas",https://www.kfyrtv.com/news/scientists-make-smart-underwear-to-track-your-gas/,Local TV,50000,0.2
February 18, 2026,KWQC Davenport,"Scientists make smart underwear to track your gas",https://www.kwqc.com/news/scientists-make-smart-underwear-to-track-your-gas/,Local TV,150000,0.2
February 18, 2026,WIBW Topeka,"Scientists make smart underwear to track your gas",https://www.wibw.com/news/scientists-make-smart-underwear-to-track-your-gas/,Local TV,80000,0.2
February 18, 2026,KWCH Wichita,"Scientists make smart underwear to track your gas",https://www.kwch.com/news/scientists-make-smart-underwear-to-track-your-gas/,Local TV,120000,0.2
February 18, 2026,KCTV5 Kansas City,"Scientists make smart underwear to track your gas",https://www.kctv5.com/news/scientists-make-smart-underwear-to-track-your-gas/,Local TV,250000,0.2
February 18, 2026,WOWT Omaha,"Scientists make smart underwear to track your gas",https://www.wowt.com/news/scientists-make-smart-underwear-to-track-your-gas/,Local TV,200000,0.2
February 18, 2026,WLUC TV6 Upper Michigan,"Scientists make smart underwear to track your gas",https://www.uppermichiganssource.com/news/scientists-make-smart-underwear-to-track-your-gas/,Local TV,40000,0.2
February 18, 2026,13ABC Toledo,"Scientists make smart underwear to track your gas",https://www.13abc.com/news/scientists-make-smart-underwear-to-track-your-gas/,Local TV,180000,0.2
February 18, 2026,Local 12 Cincinnati,"Scientists make smart underwear to track your gas",https://www.local12.com/news/scientists-make-smart-underwear-to-track-your-gas/,Local TV,300000,0.2
February 18, 2026,KSTP Minneapolis,"Scientists make smart underwear to track your gas",https://www.kstp.com/news/scientists-make-smart-underwear-to-track-your-gas/,Local TV,350000,0.2
February 18, 2026,KGNS Laredo,"Scientists make smart underwear to track your gas",https://www.kgns.tv/news/scientists-make-smart-underwear-to-track-your-gas/,Local TV,60000,0.2
February 18, 2026,KBTX Bryan,"Scientists make smart underwear to track your gas",https://www.kbtx.com/news/scientists-make-smart-underwear-to-track-your-gas/,Local TV,100000,0.2
February 18, 2026,KSWO Lawton,"Scientists make smart underwear to track your gas",https://www.kswo.com/news/scientists-make-smart-underwear-to-track-your-gas/,Local TV,70000,0.2
February 18, 2026,WSFA Montgomery,"Scientists make smart underwear to track your gas",https://www.wsfa.com/news/scientists-make-smart-underwear-to-track-your-gas/,Local TV,150000,0.2
February 18, 2026,WAFF Huntsville,"Scientists make smart underwear to track your gas",https://www.waff.com/news/scientists-make-smart-underwear-to-track-your-gas/,Local TV,120000,0.2
February 18, 2026,WTOC Savannah,"Scientists make smart underwear to track your gas",https://www.wtoc.com/news/scientists-make-smart-underwear-to-track-your-gas/,Local TV,200000,0.2
February 18, 2026,WRDW Augusta,"Scientists make smart underwear to track your gas",https://www.wrdw.com/news/scientists-make-smart-underwear-to-track-your-gas/,Local TV,110000,0.2
February 18, 2026,WTVM Columbus,"Scientists make smart underwear to track your gas",https://www.wtvm.com/news/scientists-make-smart-underwear-to-track-your-gas/,Local TV,130000,0.2
February 18, 2026,WALB Albany,"Scientists make smart underwear to track your gas",https://www.walb.com/news/scientists-make-smart-underwear-to-track-your-gas/,Local TV,90000,0.2
February 18, 2026,WDRB Louisville,"Scientists make smart underwear to track your gas",https://www.wdrb.com/news/scientists-make-smart-underwear-to-track-your-gas/,Local TV,280000,0.2
February 18, 2026,WDAM Moselle,"Scientists make smart underwear to track your gas",https://www.wdam.com/news/scientists-make-smart-underwear-to-track-your-gas/,Local TV,50000,0.2
February 18, 2026,WLOX Biloxi,"Scientists make smart underwear to track your gas",https://www.wlox.com/news/scientists-make-smart-underwear-to-track-your-gas/,Local TV,140000,0.2
February 18, 2026,WSMV Nashville,"Scientists make smart underwear to track your gas",https://www.wsmv.com/news/scientists-make-smart-underwear-to-track-your-gas/,Local TV,400000,0.2
February 18, 2026,WWAY TV3 Wilmington,"Scientists make smart underwear to track your gas",https://www.wwaytv3.com/news/scientists-make-smart-underwear-to-track-your-gas/,Local TV,80000,0.2
February 18, 2026,WECT Wilmington,"Scientists make smart underwear to track your gas",https://www.wect.com/news/scientists-make-smart-underwear-to-track-your-gas/,Local TV,120000,0.2
February 18, 2026,Live 5 News Charleston,"Scientists make smart underwear to track your gas",https://www.live5news.com/news/scientists-make-smart-underwear-to-track-your-gas/,Local TV,250000,0.2
February 18, 2026,WDBJ7 Roanoke,"Scientists make smart underwear to track your gas",https://www.wdbj7.com/news/scientists-make-smart-underwear-to-track-your-gas/,Local TV,160000,0.2
February 18, 2026,WHSV Harrisonburg,"Scientists make smart underwear to track your gas",https://www.whsv.com/news/scientists-make-smart-underwear-to-track-your-gas/,Local TV,70000,0.2
February 18, 2026,WUSA9 Washington,"Scientists make smart underwear to track your gas",https://www.wusa9.com/news/scientists-make-smart-underwear-to-track-your-gas/,Local TV,800000,0.2
February 18, 2026,WTOP Washington,"Scientists make smart underwear to track your gas",https://wtop.com/scientists-make-smart-underwear-to-track-your-gas/,Radio News,500000,0.2
February 18, 2026,WJZ Baltimore,"Scientists make smart underwear to track your gas",https://www.wjz.com/news/scientists-make-smart-underwear-to-track-your-gas/,Local TV,400000,0.2
February 18, 2026,WHP Harrisburg,"Scientists make smart underwear to track your gas",https://www.whptv.com/news/scientists-make-smart-underwear-to-track-your-gas/,Local TV,180000,0.2
February 18, 2026,WAGM TV Presque Isle,"Scientists make smart underwear to track your gas",https://www.wagmtv.com/news/scientists-make-smart-underwear-to-track-your-gas/,Local TV,30000,0.2
February 18, 2026,WABI Bangor,"Scientists make smart underwear to track your gas",https://www.wabi.tv/news/scientists-make-smart-underwear-to-track-your-gas/,Local TV,60000,0.2
February 18, 2026,Fox 5 Vegas,"Scientists make smart underwear to track your gas",https://www.fox5vegas.com/news/scientists-make-smart-underwear-to-track-your-gas/,Local TV,500000,0.2
February 18, 2026,KKTV Colorado Springs,"Scientists make smart underwear to track your gas",https://www.kktv.com/news/scientists-make-smart-underwear-to-track-your-gas/,Local TV,150000,0.2
February 18, 2026,We Are Iowa,"Scientists make smart underwear to track your gas",https://www.weareiowa.com/news/scientists-make-smart-underwear-to-track-your-gas/,Local TV,120000,0.2
February 18, 2026,KTIV Sioux City,"Scientists make smart underwear to track your gas",https://www.ktiv.com/news/scientists-make-smart-underwear-to-track-your-gas/,Local TV,90000,0.2
February 10, 2026,Biosensors and Bioelectronics: X,"Smart underwear: A novel wearable for long-term monitoring of gut microbial metabolism",https://www.sciencedirect.com/science/article/pii/S2590137025001268,Journal Article,50000,25.0
February 10, 2026,UMD CBMG,"UMD Scientists Create 'Smart Underwear' to Measure Human Flatulence",https://cbmg.umd.edu/news-events/news/brantley-hall-umd-scientists-create-smart-underwear-measure-human-flatulence,Press Release,800,1.0
February 10, 2026,UMD CMNS,"UMD Scientists Create 'Smart Underwear' to Measure Human Flatulence",https://cmns.umd.edu/news-events/news/brantley-hall-umd-scientists-create-smart-underwear-measure-human-flatulence,Press Release,800,1.0
February 10, 2026,EurekAlert,"Scientists create 'smart underwear' to measure human flatulence",https://www.eurekalert.org/news-releases/1115965,Press Release Distribution,100000,1.5
February 10, 2026,Medical Xpress,"Scientists create 'smart underwear' to measure human flatulence",https://medicalxpress.com/news/2026-02-scientists-smart-underwear-human-flatulence.html,Science News,200000,2.5
February 10, 2026,The Microbiologist,"Scientists create 'smart underwear' to measure human flatulence",https://www.the-microbiologist.com/news/scientists-create-smart-underwear-to-measure-human-flatulence/8048.article,Scientific Publication,300000,8.5
February 10, 2026,Gizmodo,"How Many Times Do You Fart a Day? 'Smart Underwear' Says It's Way More Than You Think",https://gizmodo.com/how-many-times-do-you-fart-a-day-smart-underwear-says-its-way-more-than-you-think-2000719805,Tech Media,800000,3.5
February 10, 2026,Knowridge,"Scientists invent "smart underwear" that tracks your farts 24/7",https://knowridge.com/2026/02/scientists-invent-smart-underwear-that-tracks-your-farts-24-7/,Science News,50000,2.0
February 11, 2026,Daily Mail,"Humans fart TWICE as much as we thought: Study using smart underwear reveals people pass gas 32 times a day",https://www.dailymail.co.uk/sciencetech/article-15548877/Humans-fart-smart-underwear-study.html,UK Media,5000000,2.5
February 11, 2026,StudyFinds,"'Smart' Underwear Analysis Reveals People Fart 32 Times Per Day On Average",https://studyfinds.org/smart-underwear-tracks-gut-bacteria-measuring-flatulence/,Science News,200000,2.0
February 11, 2026,Nautilus,"New Smart Underwear Unlocks the Serious Science of Human Flatulence",https://nautil.us/new-smart-underwear-unlocks-the-serious-science-of-human-flatulence-1267183/,Science Magazine,100000,4.5
February 11, 2026,New York Post,"We fart twice as much as previously thought scientists discover from new 'smart underwear'",https://nypost.com/2026/02/10/health/we-fart-twice-as-much-as-previously-thought-scientists-discover-from-new-smart-underwear/,US Media,10000000,2.0
February 11, 2026,The Brighter Side of News,"'Smart Underwear' sheds new light on just how often humans pass gas",https://www.thebrighterside.news/post/smart-underwear-sheds-new-light-on-just-how-often-humans-pass-gas/,Science News,100000,2.0
February 12, 2026,ACSH,"University of Maryland Toots Out a Beauty: Smart Underwear Measures Your Farts",https://www.acsh.org/news/2026/02/12/university-maryland-toots-out-beauty-smart-underwear-measures-your-farts-49967,Science Commentary,200000,3.0
February 13, 2026,CBC As It Happens,"The AIH Transcript For February 13 2026 (search: flatulence underwear)",https://www.cbc.ca/radio/asithappens/the-aih-transcript-for-february-13-2026-9.7093324,Canadian Radio,1000000,4.0
February 13, 2026,Yahoo News (Independent),"Scientists develop smart underwear to track how often people fart – the results are surprising",https://www.yahoo.com/news/articles/scientists-develop-smart-underwear-track-052209759.html,News Aggregator,500000,0.3
February 13, 2026,AOL News (Independent),"Scientists develop smart underwear to track how often people fart",https://www.aol.com/articles/scientists-develop-smart-underwear-track-052209289.html,News Aggregator,300000,0.3
February 13, 2026,The Independent,"Scientists develop smart underwear to track how often people fart",https://www.independent.co.uk/news/science/smart-underwear-tracks-fart-metabolism-b2919610.html,UK Media,2000000,3.5
February 15, 2026,Hackaday,"Nobody Can Complain When You Fart If It's For Science!",https://hackaday.com/2026/02/15/nobody-can-complain-when-you-fart-if-its-for-science/,Tech Media,500000,3.0
February 16, 2026,UPI,"Researchers develop 'Smart Underwear' to track a wearer's farts",https://www.upi.com/Odd_News/2026/02/16/University-of-Maryland-Smart-Underwear-flatulence-farts/5281771261699/,Wire Service,2000000,3.5
February 16, 2026,Yahoo News (UPI),"Researchers develop 'Smart Underwear' to track a wearer's farts",https://www.yahoo.com/news/articles/researchers-develop-smart-underwear-track-171200869.html,News Aggregator,500000,0.3
February 16, 2026,Yahoo News Canada (UPI),"Researchers develop 'Smart Underwear' to track a wearer's farts",https://ca.news.yahoo.com/researchers-develop-smart-underwear-track-171200869.html,News Aggregator,200000,0.3
February 16, 2026,Futuro Prossimo (Italy),"Flatulence: Smart underwear will track our microbiome",https://en.futuroprossimo.it/2026/02/flatulenze-una-mutanda-intelligente-traccera-il-nostro-microbioma/,International Media,100000,4.0
February 16, 2026,Ground News,"Researchers Develop 'Smart Underwear' to Track a Wearer's Farts",https://ground.news/article/researchers-develop-smart-underwear-to-track-a-wearers-farts_6cb298,News Aggregator,200000,0.3
February 17, 2026,Wareable,"This smart underwear wearable offers a window into gut metabolism",https://www.wareable.com/health-and-wellbeing/smart-underwear-wearable-flatus-atlas-study-university-maryland,Tech Media,300000,3.5
February 17, 2026,MoistCr1TiKaL (YouTube),"This Pair Of Smart Underwear Will Track Your Farts",https://www.youtube.com/watch?v=7JYBD1y5qCw,Social Media,1000000,1.5
February 18, 2026,Everyday Health,"Scientists Are Using Smart Underwear to Count How Many Times Per Day You Fart",https://www.everydayhealth.com/digestive-health/what-your-daily-fart-count-could-say-about-your-health/,Health Media,500000,3.0
February 18, 2026,Earth.com,"Smart underwear measures how often humans fart hoping to better track overall gut health",https://www.earth.com/news/smart-underwear-measures-how-often-humans-fart-hoping-to-better-track-overall-gut-health/,Science News,300000,2.5
February 18, 2026,The Silicon Review,"Fitbit for Farts Wearable Gut Health Sensor Flatus study",https://thesiliconreview.com/2026/02/fitbit-for-farts-gut-health-revolution-university-maryland,Tech Media,200000,2.5
February 18, 2026,Strange Days News,"Smart Underwear Reveals We Fart Twice As Much As Previously Thought",https://www.strangedaysnews.com/smart-underwear-reveals-we-fart-twice-as-much-as-previously-thought/,Science News,50000,2.0
February 18, 2026,First Post (India),"A 'smart underwear' to track farts. Why are scientists so interested in flatulence?",https://www.firstpost.com/explainers/a-smart-underwear-to-track-farts-why-are-scientists-so-interested-in-flatulence-13981275.html,International Media,1000000,4.0
February 18, 2026,Fox 8 Cleveland (CNN Newsource),"Scientists Make Smart Underwear to Track Your Gas",https://fox8.com/news/scientists-make-smart-underwear-to-track-your-gas/,CNN Newsource TV,200000,0.2
February 18, 2026,WOWT Omaha (CNN Newsource),"Scientists make 'smart underwear' to track your gas",https://www.wowt.com/2026/02/18/scientists-make-smart-underwear-track-your-gas/,CNN Newsource TV,200000,0.2
February 18, 2026,WTOC Savannah (CNN Newsource),"Scientists make 'smart underwear' to track your gas",https://www.wtoc.com/2026/02/18/scientists-make-smart-underwear-track-your-gas/,CNN Newsource TV,200000,0.2
February 18, 2026,13ABC Toledo (CNN Newsource),"Scientists make 'smart underwear' to track your gas",https://www.13abc.com/2026/02/18/scientists-make-smart-underwear-track-your-gas/,CNN Newsource TV,180000,0.2
February 18, 2026,Live 5 News Charleston (CNN Newsource),"Scientists make 'smart underwear' to track your gas",https://www.live5news.com/2026/02/18/scientists-make-smart-underwear-track-your-gas/,CNN Newsource TV,250000,0.2
February 18, 2026,WFSB Hartford (CNN Newsource),"Scientists make 'smart underwear' to track your gas",https://www.wfsb.com/2026/02/18/scientists-make-smart-underwear-track-your-gas/,CNN Newsource TV,150000,0.2
February 18, 2026,WIFR South Bend (CNN Newsource),"Scientists make 'smart underwear' to track your gas",https://www.wifr.com/2026/02/18/scientists-make-smart-underwear-track-your-gas/,CNN Newsource TV,100000,0.2
February 18, 2026,WAFB Columbia (CNN Newsource),"Scientists make 'smart underwear' to track your gas",https://www.wafb.com/2026/02/18/scientists-make-smart-underwear-track-your-gas/,CNN Newsource TV,120000,0.2
February 18, 2026,WITN Bangor (CNN Newsource),"Scientists make 'smart underwear' to track your gas",https://www.witn.com/2026/02/18/scientists-make-smart-underwear-track-your-gas/,CNN Newsource TV,80000,0.2
February 18, 2026,Hawaii News Now (CNN Newsource),"Scientists make 'smart underwear' to track your gas",https://www.hawaiinewsnow.com/2026/02/18/scientists-make-smart-underwear-track-your-gas/,CNN Newsource TV,200000,0.2
February 18, 2026,29 News Chicago (CNN Newsource),"Scientists make 'smart underwear' to track your gas",https://www.wbbm780.com/2026/02/18/scientists-make-smart-underwear-track-your-gas/,CNN Newsource TV,800000,0.2
February 18, 2026,KKTV Colorado Springs (CNN Newsource),"Scientists make 'smart underwear' to track your gas",https://www.kktv.com/2026/02/18/scientists-make-smart-underwear-track-your-gas/,CNN Newsource TV,150000,0.2
February 18, 2026,KWQC Davenport (CNN Newsource),"Smart underwear could help researchers better understand human farts",https://www.kwqc.com/video/2026/02/18/smart-underwear-could-help-researchers-better-understand-human-farts/,CNN Newsource TV,150000,0.2
February 18, 2026,WYMT Hazard (CNN Newsource),"Smart underwear could help researchers better understand human farts",https://www.wymt.com/video/2026/02/18/smart-underwear-could-help-researchers-better-understand-human-farts/,CNN Newsource TV,50000,0.2
February 18, 2026,KCBD Lubbock (CNN Newsource),"Smart underwear could help researchers better understand human farts",https://www.kcbd.com/video/2026/02/18/smart-underwear-could-help-researchers-better-understand-human-farts/,CNN Newsource TV,80000,0.2
February 18, 2026,1011 Now Lincoln (CNN Newsource),"Smart underwear could help researchers better understand human farts",https://www.1011now.com/video/2026/02/18/smart-underwear-could-help-researchers-better-understand-human-farts/,CNN Newsource TV,60000,0.2
February 18, 2026,WDBJ7 Roanoke (CNN Newsource),"Scientists make 'smart underwear' to track your gas",https://www.wdbj7.com/2026/02/18/scientists-make-smart-underwear-track-your-gas/,CNN Newsource TV,160000,0.2
February 18, 2026,WSFA Montgomery (CNN Newsource),"Smart underwear could help researchers better understand human farts",https://www.wsfa.com/video/2026/02/18/smart-underwear-could-help-researchers-better-understand-human-farts/,CNN Newsource TV,150000,0.2
February 18, 2026,KGNS Laredo (CNN Newsource),"Smart underwear could help researchers better understand human farts",https://www.kgns.tv/video/2026/02/18/smart-underwear-could-help-researchers-better-understand-human-farts/,CNN Newsource TV,60000,0.2
February 18, 2026,WAGM TV (CNN Newsource),"Smart underwear could help researchers better understand human farts",https://www.wagmtv.com/video/2026/02/18/smart-underwear-could-help-researchers-better-understand-human-farts/,CNN Newsource TV,30000,0.2
February 18, 2026,10News San Diego (KGTV),"Fact or Fiction: Scientists design 'smart underwear' to track flatulence?",https://www.10news.com/news/fact-or-fiction/fact-or-fiction-scientists-design-smart-underwear-to-track-flatulence,Local TV,300000,1.0
February 18, 2026,WWAY TV3 Wilmington,"Maryland scientists create "smart underwear" to measure flatulence and they want volunteers",https://www.wwaytv3.com/maryland-scientists-create-smart-underwear-to-measure-flatulence-and-they-want-volunteers/,Local TV,80000,0.5
February 18, 2026,WDRB Louisville,"Researchers at University of Maryland create smart underwear to measure human flatulence",https://www.wdrb.com/news/wdrb-video/researchers-at-university-of-maryland-create-smart-underwear-to-measure-human-flatulence/video_89c794db-66f7-58a5-8daa-41a87367bd0c.html,Local TV,280000,0.5
February 18, 2026,Local 12 Cincinnati,"Smart underwear could help researchers better understand human farts",https://local12.com/video/2026/02/18/smart-underwear-could-help-researchers-better-understand-human-farts/,Local TV,300000,0.5
February 18, 2026,WTOP Washington DC,"Smart underwear could help researchers better understand human farts",https://wtop.com/health/2026/02/smart-underwear-could-help-researchers-better-understand-human-farts/,Local Radio/TV,500000,0.5
February 18, 2026,We Are Iowa,"Smart underwear could help researchers better understand human farts",https://www.weareiowa.com/video/2026/02/18/smart-underwear-could-help-researchers-better-understand-human-farts/,Local TV,120000,0.5
February 18, 2026,The Valley Vanguard (SVSU),"Smart underwear study shows people fart more than they admit",https://www.valleyvanguardonline.com/smart-underwear-study-shows-people-fart-more-than-they-admit/,Student Newspaper,20000,2.5
February 18, 2026,The Georgia Sun,"Researchers in Maryland create Smart Underwear to find out how much you fart",https://thegeorgiasun.com/health/researchers-in-maryland-create-smart-underwear-to-find-out-how-much-you-fart,US Media,100000,2.5
February 19, 2026,Stephen Colbert / CBS Late Show,"Sound of Science - Smart Underwear Segment",https://www.youtube.com/watch?v=d_aeNUgLGwM,TV/Social Media,2300000,6.0
February 19, 2026,Stephen Colbert / YouTube Clip,"Sound of Science - Smart Underwear Clip Only",https://www.youtube.com/watch?v=d_aeNUgLGwM,Social Media,500000,3.0
February 19, 2026,Wall Street Journal,"It's Called the 'Fitbit for Farts'—and It's No Joke",https://www.wsj.com/tech/personal-tech/smart-underwear-gut-health-human-flatus-atlas-9ffa1bd7,Major Feature,2000000,15.0
February 20, 2026,Yahoo News (Wareable),"New Smart Underwear Unlocks the Serious Science of Human Flatulence",https://www.yahoo.com/news/articles/smart-underwear-unlocks-serious-science-190000935.html,News Aggregator,500000,0.3
February 21, 2026,ACSH (updated),"University of Maryland Toots Out a Beauty: Smart Underwear Measures Your Farts",https://www.acsh.org/news/2026/02/21/university-maryland-toots-out-beauty-smart-underwear-measures-your-farts-49967,Science Commentary,200000,3.0
February 22, 2026,First Post (India - updated),"A 'smart underwear' to track farts. Why are scientists so interested in flatulence?",https://www.firstpost.com/explainers/a-smart-underwear-to-track-farts-why-are-scientists-so-interested-in-flatulence-13981275.html,International Media,1000000,4.0
February 22, 2026,Facebook (Case Western),"Case Western Comments on Brantley Hall",knowledge-base/pdfs/case-western-comments-brantley-hall.png,Academic Social Media,5000,1.5
February 22, 2026,Reddit (r/HighStrangeness),"Smart Underwear Reveals We Fart Twice As Much As Previously Thought",https://www.reddit.com/r/HighStrangeness/comments/1r87ymi/smart_underwear_reveals_we_fart_twice_as_much_as/,Social Media,100000,1.0
February 18, 2026,WIBW Topeka,"Smart underwear could help researchers better understand human farts",https://www.wibw.com/video/2026/02/18/smart-underwear-could-help-researchers-better-understand-human-farts/,CNN Newsource,80000,0.2
February 18, 2026,WRDW Augusta,"Smart underwear could help researchers better understand human farts",https://www.wrdw.com/video/2026/02/18/smart-underwear-could-help-researchers-better-understand-human-farts/,CNN Newsource,110000,0.2
February 18, 2026,WABI Bangor,"Smart underwear could help researchers better understand human farts",https://www.wabi.tv/video/2026/02/18/smart-underwear-could-help-researchers-better-understand-human-farts/,CNN Newsource,60000,0.2
February 18, 2026,KBTX Bryan,"Smart underwear could help researchers better understand human farts",https://www.kbtx.com/video/2026/02/18/smart-underwear-could-help-researchers-better-understand-human-farts/,CNN Newsource,100000,0.2
February 18, 2026,KWCH Wichita,"Smart underwear could help researchers better understand human farts",https://www.kwch.com/video/2026/02/18/smart-underwear-could-help-researchers-better-understand-human-farts/,CNN Newsource,120000,0.2
February 18, 2026,KCTV5 Kansas City,"Scientists make 'smart underwear' to track your gas",https://www.kctv5.com/2026/02/18/scientists-make-smart-underwear-track-your-gas/,CNN Newsource,250000,0.2
February 18, 2026,KFYR Bismarck,"Smart underwear could help researchers better understand human farts",https://www.kfyrtv.com/video/2026/02/18/smart-underwear-could-help-researchers-better-understand-human-farts/,CNN Newsource,50000,0.2
February 18, 2026,WUSA9 Washington D.C.,"UMD debuts smart underwear that tracks… well, you know",https://www.wusa9.com/video/tech/science/umd-debuts-smart-underwear-that-tracks-well-you-know/65-35d4d012-fb45-483d-8ef8-e3a944022c57,CNN Newsource,800000,0.2
February 18, 2026,Fox 5 Vegas,"Scientists make 'smart underwear' to track your gas",https://www.fox5vegas.com/2026/02/18/scientists-make-smart-underwear-track-your-gas/,CNN Newsource,500000,0.2
February 18, 2026,WAFF Huntsville,"Scientists make 'smart underwear' to track your gas",https://www.waff.com/2026/02/18/scientists-make-smart-underwear-track-your-gas/,CNN Newsource,120000,0.2
February 18, 2026,WLUC TV6 Upper Michigan,"Scientists make 'smart underwear' to track your gas",https://www.uppermichigansource.com/2026/02/18/scientists-make-smart-underwear-track-your-gas/,CNN Newsource,40000,0.2
February 18, 2026,KSWO Lawton,"Scientists make 'smart underwear' to track your gas",https://www.kswo.com/2026/02/18/scientists-make-smart-underwear-track-your-gas/,CNN Newsource,70000,0.2
February 18, 2026,KTIV Sioux City,"Scientists make 'smart underwear' to track your gas",https://www.ktiv.com/2026/02/18/scientists-make-smart-underwear-track-your-gas/,CNN Newsource,90000,0.2
February 18, 2026,WECT Wilmington,"Scientists make 'smart underwear' to track your gas",https://www.wect.com/2026/02/18/scientists-make-smart-underwear-track-your-gas/,CNN Newsource,120000,0.2
February 18, 2026,WHSV Harrisonburg,"Scientists make 'smart underwear' to track your gas",https://www.whsv.com/2026/02/18/scientists-make-smart-underwear-track-your-gas/,CNN Newsource,70000,0.2
February 18, 2026,WSMV Nashville,"Scientists make 'smart underwear' to track your gas",https://www.wsmv.com/2026/02/18/scientists-make-smart-underwear-track-your-gas/,CNN Newsource,400000,0.2
February 18, 2026,WDAM Moselle,"Scientists make 'smart underwear' to track your gas",https://www.wdam.com/2026/02/18/scientists-make-smart-underwear-track-your-gas/,CNN Newsource,50000,0.2
February 18, 2026,WLOX Biloxi,"Scientists make 'smart underwear' to track your gas",https://www.wlox.com/2026/02/18/scientists-make-smart-underwear-track-your-gas/,CNN Newsource,140000,0.2
February 18, 2026,WTVM Columbus,"Scientists make 'smart underwear' to track your gas",https://www.wtvm.com/2026/02/18/scientists-make-smart-underwear-track-your-gas/,CNN Newsource,130000,0.2
February 18, 2026,WALB Albany,"Scientists make 'smart underwear' to track your gas",https://www.walb.com/2026/02/18/scientists-make-smart-underwear-track-your-gas/,CNN Newsource,90000,0.2
February 18, 2026,WDRB Louisville,"Researchers at University of Maryland create smart underwear to measure human flatulence",https://www.wdrb.com/news/wdrb-video/researchers-at-university-of-maryland-create-smart-underwear-to-measure-human-flatulence/video_89c794db-66f7-58a5-8daa-41a87367bd0c.html,Local TV,280000,0.5
February 18, 2026,WWAY TV3 Wilmington,"Scientists make 'smart underwear' to track your gas",https://www.wwaytv3.com/2026/02/18/scientists-make-smart-underwear-track-your-gas/,Local TV,80000,0.5
February 18, 2026,Local 12 Cincinnati,"Researchers develop high-tech 'smart underwear' to measure flatulence",https://local12.com/news/nation-world/researchers-develop-smart-underwear-to-measure-flatulence-spectrum-cincinnati-snap-in-device-that-tracks-intestinal-gas-around-the-clock-measuring-gut-microbial-metabolism-device-technology-health-benefit-university-of-maryland,Local TV,300000,1.0
February 18, 2026,WDRB Louisville (2nd),"Researchers at University of Maryland create smart underwear to measure human flatulence",https://www.wdrb.com/news/wdrb-video/researchers-at-university-of-maryland-create-smart-underwear-to-measure-human-flatulence/video_89c794db-66f7-58a5-8daa-41a87367bd0c.html,Local TV,280000,0.5
February 18, 2026,Valley Vanguard SVSU,"Smart underwear study shows people fart more than they admit",https://www.valleyvanguardonline.com/smart-underwear-study-shows-people-fart-more-than-they-admit/,Student Newspaper,20000,2.5
February 18, 2026,10News San Diego,"Fact or Fiction: Scientists design 'smart underwear' to track flatulence?",https://www.10news.com/news/fact-or-fiction/fact-or-fiction-scientists-design-smart-underwear-to-track-flatulence,Local TV,300000,1.0
February 19, 2026,The Georgia Sun,"Researchers in Maryland create Smart Underwear to find out how much you fart",https://thegeorgiasun.com/health/researchers-in-maryland-create-smart-underwear-to-find-out-how-much-you-fart,US Media,100000,2.5
February 18, 2026,We Are Iowa (Humanoid Robots),"Humanoid robots doing kung fu and smart underwear: what are robots doing?",https://www.weareiowa.com/video/tech/humanoid-robots-doing-kung-fu-and-smart-underwear-what-are-robots-doing/524-f0abe2ff-8bc4-4296-bcb2-392c68eb66d0,Local TV,120000,1.5
February 18, 2026,WWAY TV3 (Volunteers),"Maryland scientists create "smart underwear" to measure flatulence and they want volunteers",https://www.wwaytv3.com/maryland-scientists-create-smart-underwear-to-measure-flatulence-and-they-want-volunteers/,Local TV,80000,0.5
February 18, 2026,Everyday Health (Health),"What Your Daily Fart Count Could Say About Your Health",https://www.everydayhealth.com/digestive-health/what-your-daily-fart-count-could-say-about-your-health/,Health Media,500000,3.0
February 10, 2026,The Sun (UK),"Smart fart underwear could spot bowel issues",https://www.the-sun.com/health/15923974/smart-fart-underwear-spot-bowel-issues/,UK Media,3000000,2.5
February 13, 2026,Unilad Tech,"Scientists develop 'smart underwear' to track regularly fart",https://www.uniladtech.com/science/news/scientists-develop-smart-underwear-track-regularly-fart-075313-20260213,Tech Media,500000,2.5
February 13, 2026,The Sunday Guardian,"How often do we fart in a day? Study uses smart underwear to find out",https://sundayguardian.com.ng/science/how-often-do-we-fart-in-a-day-study-uses-smart-underwear-to-find-out/,International Media,50000,3.5
February 13, 2026,Independent Newspaper Nigeria,"Researchers Develop 'Smart Underwear' To Track A Wearer's Farts",https://independent.ng/news/researchers-develop-smart-underwear-to-track-a-wearers-farts/,International Media,100000,3.0
February 13, 2026,Telegraph India,"Letters to the editor: A 'smart underwear' to track your farts",https://www.telegraphindia.com/opinion/letters-to-the-editor-a-smart-underwear-to-track-your-farts/,International Media,200000,3.0
February 13, 2026,GOOD,"Scientists invent 'smart' underwear that tracks gut bacteria health through your farts",https://www.good.is/posts/scientists-invent-smart-underwear-that-tracks-gut-bacteria-health-through-your-farts/,Science News,200000,2.5
February 19, 2026,Nerdizmo,"Quantos puns soltamos por dia? Ciência revela número surpreendente",https://nerdizmo.ig.com.br/quantos-puns-soltamos-por-dia-ciencia-revela-numero-surpreendente/,International Media,400000,4.0
February 2026,Medium (Wise & Well),"People Fart a Lot More Than They Claim",https://medium.com/wise-well/people-fart-a-lot-more-than-they-claim-aa8683bba9e8,International Media,600000,3.5
February 24, 2026,The Press Reporter,"A 'smart underwear' to track farts. Why are scientists so interested in flatulence?",https://www.thepressreporter.in/a-smart-underwear-to-track-farts-why-are-scientists-so-interested-in-flatulence/,International Media,300000,3.0
February 18, 2026,WLBT (CNN),"Smart underwear could help researchers better understand human farts",https://www.wlbt.com/video/2026/02/18/smart-underwear-could-help-researchers-better-understand-human-farts/,Broadcast Distribution,150000,0.2
February 16, 2026,Gigazine,"Smart underwear could measure human flatulence",https://gigazine.net/gsc_news/en/20260216-smart-underwear-measure-human-flatulence/,Tech Media,100000,2.5
February 10, 2026,Yahoo News (NY Post),"Fart tracker underwear",https://www.yahoo.com/news/articles/fart-twice-much-previously-thought-205316233.html,News Aggregator,500000,0.3
February 16, 2026,PressReader,"FART TRACKER UNDERWEAR",https://www.pressreader.com/article/fart-tracker-underwear,News Aggregator,100000,0.3
February 13, 2026,indy100,"Scientists create smart underwear that tracks your gas – and yes, it's serious research",https://www.indy100.com/article/scientists-create-smart-underwear-that-tracks-your-gas-and-yes-its-serious-research-4328764,UK Media,500000,2.5
February 13, 2026,Irish Independent,"Scientists develop new smart underwear to measure flatulence",https://www.independent.ie/scientists-develop-new-smart-underwear-to-measure-flatulence-4328764.html,UK Media,1000000,3.0
February 18, 2026,News9 Live,"Scientists develop smart underwear to monitor flatulence",https://www.news9live.com/science/scientists-develop-smart-underwear-to-monitor-flatulence-2931777,International Media,200000,3.5
February 18, 2026,WTOP News,"U.Md. researcher looking into how frequently you fart",https://wtop.com/health/2026/02/smart-underwear-could-help-researchers-better-understand-human-farts/,Local Radio/TV,500000,0.5
February 18, 2026,WTOL Toledo,"Smarty-pants researchers develop intelligent underwear to measure your farts",https://www.wtol.com/video/news/weird/smarty-pants-researchers-develop-intelligent-underwear-to-measure-your-farts/512-f3cd54d7-8f65-4c51-a5d4-67b5fd9f5faa,Local TV,200000,1.5
February 11, 2026,WRIF Detroit,"Scientists Develop 'Smart Underwear' That Tracks Bacteria By Measuring Farts",https://wrif.com/2026/02/11/scientists-develop-smart-underwear-that-tracks-bacteria-by-measuring-farts/,Local Radio,300000,2.5
February 19, 2026,Nerdizmo,"Quantos puns soltamos por dia? Ciência revela número surpreendente",https://nerdizmo.ig.com.br/quantos-puns-soltamos-por-dia-ciencia-revela-numero-surpreendente/,International Media,400000,4.0
February 2026,Medium (Wise & Well),"People Fart a Lot More Than They Claim",https://medium.com/wise-well/people-fart-a-lot-more-than-they-claim-aa8683bba9e8,International Media,600000,3.5
February 24, 2026,The Press Reporter,"A 'smart underwear' to track farts. Why are scientists so interested in flatulence?",https://www.thepressreporter.in/a-smart-underwear-to-track-farts-why-are-scientists-so-interested-in-flatulence/,International Media,300000,3.0
February 22, 2026,Facebook (Meme),"Smartbit and funny meme from Facebook",knowledge-base/media/smartbit-funny-meme-facebook.png,Social Media Meme,10000,1.0
February 22, 2026,Facebook (Big Screen),"Facebook showing the story on a big screen",knowledge-base/media/facebook-big-screen-display.png,Social Media Promotion,50000,1.5
February 18, 2026,Fox 8 Live New Orleans (CNN Newsource),"Smart underwear could help researchers better understand human farts",https://www.fox8live.com/video/2026/02/18/smart-underwear-could-help-researchers-better-understand-human-farts/,CNN Newsource TV,150000,0.2
February 18, 2026,WCAX Vermont,"Smart underwear could help researchers better understand human farts",https://www.wcax.com/video/2026/02/18/smart-underwear-could-help-researchers-better-understand-human-farts/,Local TV,100000,0.5
February 20, 2026,Leader-Call (News of the Weird),"A gas-ometer? Researchers develop Smart Underwear to count daily flatulence",https://www.leader-call.com/opinion/columnists/news-of-the-weird-feb-21/article_63f54d03-6281-484e-a742-a66b29230ca0.html,Syndicated Column,50000,2.5
February 18, 2026,Valley News Live,"Smart underwear could help researchers better understand human farts",https://www.valleynewslive.com/video/2026/02/18/smart-underwear-could-help-researchers-better-understand-human-farts/,Local TV,80000,0.5
February 18, 2026,KOLO Reno,"Smart underwear could help researchers better understand human farts",https://www.kolotv.com/video/2026/02/18/smart-underwear-could-help-researchers-better-understand-human-farts/,Local TV,100000,0.5
February 18, 2026,Fox 32 Chicago,"Fox 32 Chicago covers Smart Underwear research",https://www.fox32chicago.com/video/fmc-xtat3xcykjqq3ptp,Local TV,500000,0.5
February 23, 2026,LinkedIn (Christopher Mims),"Christopher Mims discusses Smart Underwear research",https://www.linkedin.com/videos/christopher-mims-club_this_week-im-bringing-readers-a-most-unusual-activity-7430729850363056128-PA_K/,Social Media,100000,2.0
February 20, 2026,Wall Street Journal (Print),"It's Called the 'Fitbit for Farts'—and It's No Joke",knowledge-base/media/wsj-print-edition-february-20-2026.png,Print Media,1500000,15.0
February 23, 2026,Straits Times (Singapore),"Fart for a cause: US researchers develop 'smart underwear' that tracks farts to explore gut health",https://www.straitstimes.com/world/united-states/fart-for-a-cause-us-researchers-develop-smart-underwear-that-tracks-farts-to-explore-gut-health,International Media,500000,5.0
February 23, 2026,Straits Times (Screenshot),"Website screenshot of Straits Times Smart Underwear coverage",knowledge-base/media/straits-times-screenshot-february-23-2026.png,Website Screenshot,1000,0.5
February 23, 2026,The Verge (Screenshot),"Website screenshot of The Verge Smart Underwear coverage",knowledge-base/media/the-verge-screenshot-february-23-2026.png,Website Screenshot,1000,0.5
February 23, 2026,The Verge,"Researchers at the University of Maryland built a Fartbit, a Fitbit for farts",https://www.theverge.com/gadgets/882910/fartbit-a-fitbit-for-farts,Technology Media,1000000,4.0
February 24, 2026,FutureParty,"The University Of Maryland Is Monitoring Your Farts",https://www.futureparty.com/p/the-university-of-maryland-is-monitoring-your-farts,Business Media,125000,3.0
